Workbook

Sheet Raw_Data
A1: Date | B1: Product_ID | C1: Product | D1: Region | E1: Units_Sold | F1: Price | G1: Inventory_Level | H1: Lead_Time_Days
A2: 45292 | B2: P001 | C2: Shoes | D2: South | E2: 120 | F2: 2000 | G2: 500 | H2: 7
A3: 45293 | B3: P001 | C3: Shoes | D3: South | E3: 140 | F3: 2000 | G3: 480 | H3: 7
A4: 45294 | B4: P001 | C4: Shoes | D4: South | E4: 130 | F4: 2000 | G4: 460 | H4: 7
A5: 45295 | B5: P002 | C5: Tshirts | D5: West | E5: 200 | F5: 800 | G5: 600 | H5: 5
A6: 45296 | B6: P002 | C6: Tshirts | D6: West | E6: 210 | F6: 800 | G6: 580 | H6: 5
A7: 45297 | B7: P003 | C7: Jeans | D7: North | E7: 90 | F7: 1500 | G7: 300 | H7: 6
A8: 45298 | B8: P003 | C8: Jeans | D8: North | E8: 100 | F8: 1500 | G8: 280 | H8: 6
A9: 45299 | B9: P001 | C9: Shoes | D9: South | E9: 150 | F9: 2000 | G9: 450 | H9: 7
A10: 45300 | B10: P002 | C10: Tshirts | D10: West | E10: 220 | F10: 800 | G10: 560 | H10: 5
A11: 45301 | B11: P003 | C11: Jeans | D11: North | E11: 110 | F11: 1500 | G11: 260 | H11: 6

Sheet Forecast
A1: Date | B1: Product | C1: Units_Sold | D1: Forecast
A2: =Raw_Data!A2 -> 45292 | B2: =Raw_Data!C2 -> Shoes | C2: =Raw_Data!E2 -> 120
A3: =Raw_Data!A3 -> 45293 | B3: =Raw_Data!C3 -> Shoes | C3: =Raw_Data!E3 -> 140
A4: =Raw_Data!A4 -> 45294 | B4: =Raw_Data!C4 -> Shoes | C4: =Raw_Data!E4 -> 130
A5: =Raw_Data!A5 -> 45295 | B5: =Raw_Data!C5 -> Tshirts | C5: =Raw_Data!E5 -> 200
A6: =Raw_Data!A6 -> 45296 | B6: =Raw_Data!C6 -> Tshirts | C6: =Raw_Data!E6 -> 210
A7: =Raw_Data!A7 -> 45297 | B7: =Raw_Data!C7 -> Jeans | C7: =Raw_Data!E7 -> 90
A8: =Raw_Data!A8 -> 45298 | B8: =Raw_Data!C8 -> Jeans | C8: =Raw_Data!E8 -> 100
A9: =Raw_Data!A9 -> 45299 | B9: =Raw_Data!C9 -> Shoes | C9: =Raw_Data!E9 -> 150 | D9: =AVERAGE(C2,C3,C4) -> 130
A10: =Raw_Data!A10 -> 45300 | B10: =Raw_Data!C10 -> Tshirts | C10: =Raw_Data!E10 -> 220 | D10: =AVERAGE(C5,C6,C10) -> 210
A11: =Raw_Data!A11 -> 45301 | B11: =Raw_Data!C11 -> Jeans | C11: =Raw_Data!E11 -> 110 | D11: =AVERAGE(C7,C8,C11) -> 100

Sheet Inventory
A1: Product | B1: Avg_Demand | C1: Lead_Time | D1: Reorder_Point | E1: Current_Stock | F1: Status
A2: Shoes | B2: =AVERAGE(120,140,130) -> 130 | C2: =VLOOKUP(A2, Raw_Data!C:H, 6, FALSE) -> 7 | D2: =B2*C2 -> 910 | E2: 450 | F2: =IF(E2<D2,"Reorder","OK") -> Reorder
A3: Tshirts | B3: =AVERAGE(200,210,220) -> 210 | C3: =VLOOKUP(A3, Raw_Data!C:H, 6, FALSE) -> 5 | D3: =B3*C3 -> 1050 | E3: 560 | F3: =IF(E3<D3,"Reorder","OK") -> Reorder
A4: Jeans | B4: =AVERAGE(90,100,110) -> 100 | C4: =VLOOKUP(A4, Raw_Data!C:H, 6, FALSE) -> 6 | D4: =B4*C4 -> 600 | E4: 260 | F4: =IF(E4<D4,"Reorder","OK") -> Reorder
